Channel,Mean,Std,Sample_Count
Fp1,-0.0015779981844943974,5960.385788731635,28173000
Fp2,-0.0011338895145677325,5258.36754952817,28173000
F3,-0.0030113297283814035,6079.460084184283,28173000
F4,-0.002310992117798988,6053.838206679124,28173000
C3,-0.000872486286572906,6162.465250067342,28173000
C4,-0.0014700841645790836,5887.1527360071495,28173000
P3,-0.002605772004868156,5934.981433546013,28173000
P4,-0.002970484082149763,5568.1012173363715,28173000
O1,-0.003675130489777161,5941.182614130345,28173000
O2,-0.0037512831259502674,5853.238783865481,28173000
F7,-0.004497635353873878,5737.660940533163,28173000
F8,-0.004146782085755821,6039.919392018846,28173000
T3,-0.004656747153885153,6040.031253263051,28173000
T4,-0.0027335226576597296,6012.35506141404,28173000
T5,-0.004112539731834603,5877.244017176746,28173000
T6,-0.0023684197233902037,5950.254114159853,28173000
Fz,-0.0020860224716832626,5815.015444969145,28173000
Cz,-0.001685814195808286,5904.966705532724,28173000
Pz,-0.003432070666717476,5305.153865506886,28173000
