Patient_ID,Age,Sex,ROSC,OHCA,Shockable_Rhythm,TTM,Outcome,Label
0284,53,Male,nan,True,True,33,Good,0
0286,85,Female,7,False,False,nan,Good,0
0296,48,Male,nan,True,True,36,Good,0
0299,45,Male,nan,True,True,33,Good,0
0303,51,Male,24,True,True,33,Good,0
0306,73,Male,20,True,False,33,Good,0
0311,39,Female,nan,True,True,33,Good,0
0312,51,Male,nan,nan,True,nan,Good,0
0313,56,Male,3,False,False,33,Good,0
0316,41,Male,37,True,True,33,Good,0
0319,62,Male,nan,False,True,33,Good,0
0320,55,Male,20,True,True,33,Good,0
0326,46,Male,nan,True,True,33,Good,0
0328,56,Male,40,False,True,33,Good,0
0332,68,Female,60,False,False,33,Good,0
0334,54,Male,nan,True,True,33,Good,0
0335,64,Male,nan,True,True,33,Good,0
0337,67,Female,nan,True,True,33,Good,0
0340,66,Male,30,True,True,33,Good,0
0341,79,Male,nan,False,nan,36,Poor,1
0342,71,Male,20,False,False,33,Poor,1
0344,50,Male,nan,True,False,33,Poor,1
0346,55,Male,15,True,False,33,Poor,1
0347,51,Male,nan,True,True,33,Good,0
0348,66,Male,5,True,True,33,Poor,1
0349,78,Female,20,False,False,36,Poor,1
0350,56,Male,7,True,False,33,Good,0
0351,59,Male,18,True,True,33,Good,0
0352,52,Male,nan,nan,nan,36,Good,0
0353,62,Female,nan,False,True,nan,Poor,1
0354,40,Male,5,True,True,33,Good,0
0355,70,Male,nan,True,True,33,Good,0
0356,82,Female,nan,True,False,33,Poor,1
0357,52,Female,nan,True,True,33,Good,0
0358,70,Female,25,True,False,36,Poor,1
0359,80,Male,nan,True,nan,33,Poor,1
0360,69,Male,25,False,False,33,Poor,1
0361,72,Male,nan,True,False,33,Poor,1
0362,55,Male,nan,True,True,33,Good,0
0363,83,Male,10,True,False,33,Good,0
0364,53,Male,70,True,False,33,Poor,1
0365,68,Male,nan,True,True,33,Good,0
0366,66,Female,30,True,False,33,Poor,1
0367,88,Male,10,False,True,33,Good,0
0368,62,Female,17,False,False,nan,Poor,1
0369,82,Male,nan,True,False,33,Poor,1
0370,72,Female,nan,True,False,33,Poor,1
0371,57,Male,nan,True,False,36,Poor,1
0372,74,Female,5,True,False,33,Poor,1
0373,36,Female,30,True,True,nan,Good,0
0375,54,Male,17,True,False,33,Poor,1
0376,78,Male,50,False,False,33,Poor,1
0377,34,Male,30,True,False,nan,Good,0
0378,60,Male,nan,True,True,33,Poor,1
0379,78,Male,nan,True,True,33,Poor,1
0380,56,Female,10,True,False,nan,Poor,1
0382,74,Female,36,True,False,33,Poor,1
0383,44,Female,27,True,False,nan,Poor,1
0384,72,Male,nan,False,False,nan,Good,0
0385,51,Female,nan,True,True,36,Poor,1
0387,65,Male,nan,nan,nan,36,Good,0
0389,56,Male,nan,nan,False,nan,Poor,1
0390,56,Male,nan,True,True,33,Good,0
0391,68,Female,50,True,True,33,Poor,1
0392,63,Male,nan,True,False,33,Poor,1
0394,26,Male,5,False,False,36,Poor,1
0395,61,Male,nan,True,True,33,Good,0
0396,68,Female,nan,True,True,33,Poor,1
0397,66,Male,nan,nan,nan,36,Good,0
0398,62,Male,60,True,True,33,Poor,1
0399,76,Male,nan,True,False,33,Poor,1
0400,57,Male,10,True,False,33,Poor,1
0402,69,Male,nan,True,False,33,Poor,1
0403,47,Male,27,False,False,nan,Poor,1
0404,47,Female,90,False,True,33,Good,0
0405,26,nan,2,False,False,33,Poor,1
0406,75,Male,nan,nan,nan,36,Poor,1
0407,29,Male,nan,nan,False,nan,Poor,1
0409,50,Male,25,True,True,33,Poor,1
0410,68,Male,nan,True,True,nan,Good,0
0411,74,Male,11,False,False,nan,Poor,1
0412,57,Male,10,True,True,33,Good,0
0413,52,Female,nan,nan,nan,36,Good,0
0414,53,Male,nan,True,True,33,Good,0
0415,73,Female,nan,True,True,33,Good,0
0416,50,Female,34,True,True,33,Good,0
0417,67,Male,22,False,False,33,Poor,1
0418,82,Male,20,True,False,33,Poor,1
0419,44,Female,15,True,False,33,Poor,1
0420,74,Male,nan,True,False,33,Poor,1
0421,79,Male,nan,False,False,33,Poor,1
0422,42,Male,nan,True,False,nan,Good,0
0423,71,Female,25,False,False,33,Poor,1
0424,20,Male,33,False,False,33,Good,0
0426,75,Female,55,True,False,33,Poor,1
0427,67,Male,nan,True,True,33,Good,0
0428,32,Male,nan,True,False,33,Poor,1
0429,67,Female,16,True,True,33,Poor,1
0430,66,Male,13,True,False,33,Poor,1
0431,60,Female,40,False,False,nan,Good,0
0432,90,Female,17,True,False,33,Poor,1
0433,63,Male,nan,True,False,33,Good,0
0434,47,Female,21,False,True,33,Good,0
0435,76,Female,nan,nan,False,nan,Good,0
0436,38,Female,12,False,False,33,Poor,1
0437,81,Male,nan,True,False,nan,Poor,1
0438,53,Male,26,True,True,33,Good,0
0439,79,Male,nan,nan,nan,36,Good,0
0440,72,Female,25,True,True,33,Poor,1
0441,64,Male,nan,True,True,33,Poor,1
0442,50,Male,nan,True,True,33,Poor,1
0443,31,Male,20,True,False,33,Good,0
0444,71,Male,nan,nan,False,nan,Poor,1
0445,66,Male,10,nan,False,33,Poor,1
0446,53,Female,20,False,False,33,Poor,1
0447,78,Male,nan,True,True,33,Poor,1
0448,72,Male,18,True,True,33,Good,0
0450,20,Female,nan,True,False,nan,Poor,1
0451,73,Male,nan,False,True,33,Good,0
0452,82,Male,15,True,True,33,Poor,1
0453,89,Female,5,False,False,33,Poor,1
0455,55,Male,nan,False,True,33,Good,0
0456,78,Male,4,False,True,33,Good,0
0457,68,Male,15,True,True,33,Good,0
0458,59,Female,nan,True,True,33,Poor,1
0459,72,Female,nan,True,True,33,Poor,1
0460,45,Female,nan,True,True,33,Poor,1
0461,19,Female,3,False,True,33,Good,0
0462,76,Female,nan,True,True,33,Good,0
0463,23,Female,nan,True,False,33,Poor,1
0464,46,Female,nan,True,True,33,Poor,1
0465,44,Male,17,True,False,nan,Poor,1
0466,71,Female,10,True,False,33,Poor,1
0467,61,Male,nan,True,False,33,Good,0
0468,60,Female,nan,True,False,33,Poor,1
0469,57,Female,nan,True,True,33,Good,0
0470,59,Male,8,True,True,33,Good,0
0471,58,Male,25,True,True,nan,Good,0
0472,36,Female,19,True,False,nan,Poor,1
0473,67,Male,4,False,False,33,Poor,1
0474,64,Male,nan,True,True,33,Poor,1
0475,66,Male,nan,nan,nan,36,Good,0
0476,26,Male,40,True,False,33,Poor,1
0477,48,Female,nan,True,False,33,Poor,1
0479,48,Female,nan,True,True,33,Good,0
0481,76,Male,nan,True,True,33,Poor,1
0482,35,Female,20,True,False,33,Poor,1
0483,79,Female,nan,True,nan,36,Poor,1
0484,81,Male,nan,nan,nan,36,Good,0
0485,55,Male,10,True,True,33,Poor,1
0486,48,Male,nan,True,True,33,Good,0
0487,66,Female,10,False,False,33,Good,0
0490,21,Male,nan,True,True,nan,Good,0
0492,70,Female,22,True,False,33,Poor,1
0493,67,Male,nan,True,True,33,Poor,1
0495,52,Male,nan,True,True,33,Good,0
0496,82,Male,nan,nan,False,nan,Poor,1
0497,34,Male,nan,True,True,33,Good,0
0498,68,Male,27,True,True,33,Good,0
0500,61,Female,10,True,False,33,Poor,1
0501,54,Male,nan,True,True,36,Good,0
0502,43,Male,nan,True,True,36,Good,0
0504,61,Male,nan,nan,nan,36,Good,0
0505,71,Male,25,False,False,36,Poor,1
0506,66,Male,nan,nan,nan,36,Good,0
0507,70,Male,nan,nan,True,nan,Poor,1
0508,63,Male,19,False,True,33,Poor,1
0510,60,Male,15,True,True,36,Poor,1
0512,64,Male,60,True,False,33,Poor,1
0513,27,Male,nan,True,False,33,Poor,1
0514,47,Male,50,True,True,33,Poor,1
0515,27,Female,20,True,False,33,Poor,1
0517,85,Male,10,True,True,33,Poor,1
0518,66,Male,9,False,False,nan,Poor,1
0519,50,Male,35,True,True,33,Poor,1
0520,25,Male,29,True,False,33,Poor,1
0521,59,Male,17,False,True,33,Poor,1
0522,68,Male,nan,True,True,33,Poor,1
0526,62,Male,nan,True,True,33,Good,0
0540,69,Male,22,True,True,33,Good,0
0543,42,Female,14,True,False,33,Good,0
0544,65,Male,nan,True,True,33,Good,0
0546,55,Male,nan,True,True,36,Good,0
0548,55,Male,nan,True,True,33,Good,0
0549,48,Female,nan,nan,nan,36,Good,0
0552,30,Female,25,True,False,33,Good,0
0555,43,Female,nan,False,True,33,Good,0
0556,50,Female,5,True,True,33,Good,0
0559,53,Female,32,False,True,nan,Good,0
0563,54,Male,15,nan,False,33,Good,0
0567,77,Female,nan,True,True,33,Good,0
0571,62,Male,nan,True,True,33,Good,0
0573,82,Male,nan,True,True,33,Good,0
0574,74,Male,nan,True,True,33,Good,0
0575,54,Male,20,True,True,33,Good,0
0580,59,Male,8,True,False,33,Good,0
0582,73,Male,nan,True,True,33,Good,0
0584,52,Male,nan,True,True,33,Good,0
0586,56,Male,8,False,False,33,Good,0
0587,68,Female,nan,True,True,33,Good,0
