Patient_ID,Outcome_Split,Label_Split,Split,Age,Sex,ROSC,OHCA,Shockable_Rhythm,TTM,Outcome_Clinical,Label
0299,Good,0,Test,45,Male,,True,True,33.0,Good,0
0303,Good,0,Test,51,Male,24.0,True,True,33.0,Good,0
0320,Good,0,Test,55,Male,20.0,True,True,33.0,Good,0
0328,Good,0,Test,56,Male,40.0,False,True,33.0,Good,0
0332,Good,0,Test,68,Female,60.0,False,False,33.0,Good,0
0337,Good,0,Test,67,Female,,True,True,33.0,Good,0
0365,Good,0,Test,68,Male,,True,True,33.0,Good,0
0377,Good,0,Test,34,Male,30.0,True,False,,Good,0
0395,Good,0,Test,61,Male,,True,True,33.0,Good,0
0448,Good,0,Test,72,Male,18.0,True,True,33.0,Good,0
0487,Good,0,Test,66,Female,10.0,False,False,33.0,Good,0
0502,Good,0,Test,43,Male,,True,True,36.0,Good,0
0544,Good,0,Test,65,Male,,True,True,33.0,Good,0
0555,Good,0,Test,43,Female,,False,True,33.0,Good,0
0575,Good,0,Test,54,Male,20.0,True,True,33.0,Good,0
0371,Poor,1,Test,57,Male,,True,False,36.0,Poor,1
0372,Poor,1,Test,74,Female,5.0,True,False,33.0,Poor,1
0389,Poor,1,Test,56,Male,,,False,,Poor,1
0396,Poor,1,Test,68,Female,,True,True,33.0,Poor,1
0399,Poor,1,Test,76,Male,,True,False,33.0,Poor,1
0409,Poor,1,Test,50,Male,25.0,True,True,33.0,Poor,1
0429,Poor,1,Test,67,Female,16.0,True,True,33.0,Poor,1
0444,Poor,1,Test,71,Male,,,False,,Poor,1
0452,Poor,1,Test,82,Male,15.0,True,True,33.0,Poor,1
0466,Poor,1,Test,71,Female,10.0,True,False,33.0,Poor,1
0468,Poor,1,Test,60,Female,,True,False,33.0,Poor,1
0492,Poor,1,Test,70,Female,22.0,True,False,33.0,Poor,1
0493,Poor,1,Test,67,Male,,True,True,33.0,Poor,1
0513,Poor,1,Test,27,Male,,True,False,33.0,Poor,1
0522,Poor,1,Test,68,Male,,True,True,33.0,Poor,1
0286,Good,0,Train,85,Female,7.0,False,False,,Good,0
0296,Good,0,Train,48,Male,,True,True,36.0,Good,0
0306,Good,0,Train,73,Male,20.0,True,False,33.0,Good,0
0311,Good,0,Train,39,Female,,True,True,33.0,Good,0
0312,Good,0,Train,51,Male,,,True,,Good,0
0313,Good,0,Train,56,Male,3.0,False,False,33.0,Good,0
0316,Good,0,Train,41,Male,37.0,True,True,33.0,Good,0
0319,Good,0,Train,62,Male,,False,True,33.0,Good,0
0326,Good,0,Train,46,Male,,True,True,33.0,Good,0
0334,Good,0,Train,54,Male,,True,True,33.0,Good,0
0335,Good,0,Train,64,Male,,True,True,33.0,Good,0
0340,Good,0,Train,66,Male,30.0,True,True,33.0,Good,0
0347,Good,0,Train,51,Male,,True,True,33.0,Good,0
0350,Good,0,Train,56,Male,7.0,True,False,33.0,Good,0
0351,Good,0,Train,59,Male,18.0,True,True,33.0,Good,0
0352,Good,0,Train,52,Male,,,,36.0,Good,0
0354,Good,0,Train,40,Male,5.0,True,True,33.0,Good,0
0355,Good,0,Train,70,Male,,True,True,33.0,Good,0
0362,Good,0,Train,55,Male,,True,True,33.0,Good,0
0373,Good,0,Train,36,Female,30.0,True,True,,Good,0
0384,Good,0,Train,72,Male,,False,False,,Good,0
0387,Good,0,Train,65,Male,,,,36.0,Good,0
0390,Good,0,Train,56,Male,,True,True,33.0,Good,0
0397,Good,0,Train,66,Male,,,,36.0,Good,0
0404,Good,0,Train,47,Female,90.0,False,True,33.0,Good,0
0410,Good,0,Train,68,Male,,True,True,,Good,0
0412,Good,0,Train,57,Male,10.0,True,True,33.0,Good,0
0413,Good,0,Train,52,Female,,,,36.0,Good,0
0414,Good,0,Train,53,Male,,True,True,33.0,Good,0
0415,Good,0,Train,73,Female,,True,True,33.0,Good,0
0416,Good,0,Train,50,Female,34.0,True,True,33.0,Good,0
0422,Good,0,Train,42,Male,,True,False,,Good,0
0424,Good,0,Train,20,Male,33.0,False,False,33.0,Good,0
0427,Good,0,Train,67,Male,,True,True,33.0,Good,0
0431,Good,0,Train,60,Female,40.0,False,False,,Good,0
0433,Good,0,Train,63,Male,,True,False,33.0,Good,0
0434,Good,0,Train,47,Female,21.0,False,True,33.0,Good,0
0435,Good,0,Train,76,Female,,,False,,Good,0
0438,Good,0,Train,53,Male,26.0,True,True,33.0,Good,0
0439,Good,0,Train,79,Male,,,,36.0,Good,0
0451,Good,0,Train,73,Male,,False,True,33.0,Good,0
0455,Good,0,Train,55,Male,,False,True,33.0,Good,0
0457,Good,0,Train,68,Male,15.0,True,True,33.0,Good,0
0461,Good,0,Train,19,Female,3.0,False,True,33.0,Good,0
0462,Good,0,Train,76,Female,,True,True,33.0,Good,0
0467,Good,0,Train,61,Male,,True,False,33.0,Good,0
0469,Good,0,Train,57,Female,,True,True,33.0,Good,0
0470,Good,0,Train,59,Male,8.0,True,True,33.0,Good,0
0475,Good,0,Train,66,Male,,,,36.0,Good,0
0479,Good,0,Train,48,Female,,True,True,33.0,Good,0
0484,Good,0,Train,81,Male,,,,36.0,Good,0
0486,Good,0,Train,48,Male,,True,True,33.0,Good,0
0490,Good,0,Train,21,Male,,True,True,,Good,0
0497,Good,0,Train,34,Male,,True,True,33.0,Good,0
0498,Good,0,Train,68,Male,27.0,True,True,33.0,Good,0
0501,Good,0,Train,54,Male,,True,True,36.0,Good,0
0504,Good,0,Train,61,Male,,,,36.0,Good,0
0526,Good,0,Train,62,Male,,True,True,33.0,Good,0
0540,Good,0,Train,69,Male,22.0,True,True,33.0,Good,0
0543,Good,0,Train,42,Female,14.0,True,False,33.0,Good,0
0546,Good,0,Train,55,Male,,True,True,36.0,Good,0
0548,Good,0,Train,55,Male,,True,True,33.0,Good,0
0552,Good,0,Train,30,Female,25.0,True,False,33.0,Good,0
0556,Good,0,Train,50,Female,5.0,True,True,33.0,Good,0
0567,Good,0,Train,77,Female,,True,True,33.0,Good,0
0571,Good,0,Train,62,Male,,True,True,33.0,Good,0
0573,Good,0,Train,82,Male,,True,True,33.0,Good,0
0582,Good,0,Train,73,Male,,True,True,33.0,Good,0
0586,Good,0,Train,56,Male,8.0,False,False,33.0,Good,0
0587,Good,0,Train,68,Female,,True,True,33.0,Good,0
0341,Poor,1,Train,79,Male,,False,,36.0,Poor,1
0342,Poor,1,Train,71,Male,20.0,False,False,33.0,Poor,1
0344,Poor,1,Train,50,Male,,True,False,33.0,Poor,1
0346,Poor,1,Train,55,Male,15.0,True,False,33.0,Poor,1
0348,Poor,1,Train,66,Male,5.0,True,True,33.0,Poor,1
0349,Poor,1,Train,78,Female,20.0,False,False,36.0,Poor,1
0356,Poor,1,Train,82,Female,,True,False,33.0,Poor,1
0358,Poor,1,Train,70,Female,25.0,True,False,36.0,Poor,1
0359,Poor,1,Train,80,Male,,True,,33.0,Poor,1
0360,Poor,1,Train,69,Male,25.0,False,False,33.0,Poor,1
0364,Poor,1,Train,53,Male,70.0,True,False,33.0,Poor,1
0366,Poor,1,Train,66,Female,30.0,True,False,33.0,Poor,1
0369,Poor,1,Train,82,Male,,True,False,33.0,Poor,1
0370,Poor,1,Train,72,Female,,True,False,33.0,Poor,1
0376,Poor,1,Train,78,Male,50.0,False,False,33.0,Poor,1
0378,Poor,1,Train,60,Male,,True,True,33.0,Poor,1
0379,Poor,1,Train,78,Male,,True,True,33.0,Poor,1
0380,Poor,1,Train,56,Female,10.0,True,False,,Poor,1
0382,Poor,1,Train,74,Female,36.0,True,False,33.0,Poor,1
0383,Poor,1,Train,44,Female,27.0,True,False,,Poor,1
0385,Poor,1,Train,51,Female,,True,True,36.0,Poor,1
0392,Poor,1,Train,63,Male,,True,False,33.0,Poor,1
0394,Poor,1,Train,26,Male,5.0,False,False,36.0,Poor,1
0398,Poor,1,Train,62,Male,60.0,True,True,33.0,Poor,1
0400,Poor,1,Train,57,Male,10.0,True,False,33.0,Poor,1
0402,Poor,1,Train,69,Male,,True,False,33.0,Poor,1
0403,Poor,1,Train,47,Male,27.0,False,False,,Poor,1
0405,Poor,1,Train,26,,2.0,False,False,33.0,Poor,1
0406,Poor,1,Train,75,Male,,,,36.0,Poor,1
0407,Poor,1,Train,29,Male,,,False,,Poor,1
0411,Poor,1,Train,74,Male,11.0,False,False,,Poor,1
0417,Poor,1,Train,67,Male,22.0,False,False,33.0,Poor,1
0418,Poor,1,Train,82,Male,20.0,True,False,33.0,Poor,1
0419,Poor,1,Train,44,Female,15.0,True,False,33.0,Poor,1
0420,Poor,1,Train,74,Male,,True,False,33.0,Poor,1
0423,Poor,1,Train,71,Female,25.0,False,False,33.0,Poor,1
0426,Poor,1,Train,75,Female,55.0,True,False,33.0,Poor,1
0428,Poor,1,Train,32,Male,,True,False,33.0,Poor,1
0432,Poor,1,Train,90,Female,17.0,True,False,33.0,Poor,1
0436,Poor,1,Train,38,Female,12.0,False,False,33.0,Poor,1
0440,Poor,1,Train,72,Female,25.0,True,True,33.0,Poor,1
0441,Poor,1,Train,64,Male,,True,True,33.0,Poor,1
0442,Poor,1,Train,50,Male,,True,True,33.0,Poor,1
0445,Poor,1,Train,66,Male,10.0,,False,33.0,Poor,1
0446,Poor,1,Train,53,Female,20.0,False,False,33.0,Poor,1
0447,Poor,1,Train,78,Male,,True,True,33.0,Poor,1
0450,Poor,1,Train,20,Female,,True,False,,Poor,1
0453,Poor,1,Train,89,Female,5.0,False,False,33.0,Poor,1
0459,Poor,1,Train,72,Female,,True,True,33.0,Poor,1
0460,Poor,1,Train,45,Female,,True,True,33.0,Poor,1
0464,Poor,1,Train,46,Female,,True,True,33.0,Poor,1
0465,Poor,1,Train,44,Male,17.0,True,False,,Poor,1
0472,Poor,1,Train,36,Female,19.0,True,False,,Poor,1
0474,Poor,1,Train,64,Male,,True,True,33.0,Poor,1
0476,Poor,1,Train,26,Male,40.0,True,False,33.0,Poor,1
0477,Poor,1,Train,48,Female,,True,False,33.0,Poor,1
0481,Poor,1,Train,76,Male,,True,True,33.0,Poor,1
0482,Poor,1,Train,35,Female,20.0,True,False,33.0,Poor,1
0483,Poor,1,Train,79,Female,,True,,36.0,Poor,1
0485,Poor,1,Train,55,Male,10.0,True,True,33.0,Poor,1
0496,Poor,1,Train,82,Male,,,False,,Poor,1
0500,Poor,1,Train,61,Female,10.0,True,False,33.0,Poor,1
0505,Poor,1,Train,71,Male,25.0,False,False,36.0,Poor,1
0510,Poor,1,Train,60,Male,15.0,True,True,36.0,Poor,1
0512,Poor,1,Train,64,Male,60.0,True,False,33.0,Poor,1
0514,Poor,1,Train,47,Male,50.0,True,True,33.0,Poor,1
0517,Poor,1,Train,85,Male,10.0,True,True,33.0,Poor,1
0518,Poor,1,Train,66,Male,9.0,False,False,,Poor,1
0519,Poor,1,Train,50,Male,35.0,True,True,33.0,Poor,1
0521,Poor,1,Train,59,Male,17.0,False,True,33.0,Poor,1
0284,Good,0,Validation,53,Male,,True,True,33.0,Good,0
0357,Good,0,Validation,52,Female,,True,True,33.0,Good,0
0363,Good,0,Validation,83,Male,10.0,True,False,33.0,Good,0
0367,Good,0,Validation,88,Male,10.0,False,True,33.0,Good,0
0443,Good,0,Validation,31,Male,20.0,True,False,33.0,Good,0
0456,Good,0,Validation,78,Male,4.0,False,True,33.0,Good,0
0471,Good,0,Validation,58,Male,25.0,True,True,,Good,0
0495,Good,0,Validation,52,Male,,True,True,33.0,Good,0
0506,Good,0,Validation,66,Male,,,,36.0,Good,0
0549,Good,0,Validation,48,Female,,,,36.0,Good,0
0559,Good,0,Validation,53,Female,32.0,False,True,,Good,0
0563,Good,0,Validation,54,Male,15.0,,False,33.0,Good,0
0574,Good,0,Validation,74,Male,,True,True,33.0,Good,0
0580,Good,0,Validation,59,Male,8.0,True,False,33.0,Good,0
0584,Good,0,Validation,52,Male,,True,True,33.0,Good,0
0353,Poor,1,Validation,62,Female,,False,True,,Poor,1
0361,Poor,1,Validation,72,Male,,True,False,33.0,Poor,1
0368,Poor,1,Validation,62,Female,17.0,False,False,,Poor,1
0375,Poor,1,Validation,54,Male,17.0,True,False,33.0,Poor,1
0391,Poor,1,Validation,68,Female,50.0,True,True,33.0,Poor,1
0421,Poor,1,Validation,79,Male,,False,False,33.0,Poor,1
0430,Poor,1,Validation,66,Male,13.0,True,False,33.0,Poor,1
0437,Poor,1,Validation,81,Male,,True,False,,Poor,1
0458,Poor,1,Validation,59,Female,,True,True,33.0,Poor,1
0463,Poor,1,Validation,23,Female,,True,False,33.0,Poor,1
0473,Poor,1,Validation,67,Male,4.0,False,False,33.0,Poor,1
0507,Poor,1,Validation,70,Male,,,True,,Poor,1
0508,Poor,1,Validation,63,Male,19.0,False,True,33.0,Poor,1
0515,Poor,1,Validation,27,Female,20.0,True,False,33.0,Poor,1
0520,Poor,1,Validation,25,Male,29.0,True,False,33.0,Poor,1
