Patient_ID,Split,Label,Age,ROSC,TTM,OHCA,Shockable_Rhythm,Sex_Encoded,HR_mean,HR_std,HR_min,HR_max,Temp_mean,Temp_std,Temp_min,Temp_max,Movement_mean,Movement_std,Movement_min,Movement_max
0299,Test,0,-0.8935990724912914,-0.1133013950507578,-0.4067876478903847,0.5093084619315782,0.8629269129786463,-0.6857847708134814,76.17521739130434,4.150008543754251,68.2,86.3,36.55682608695652,0.083686435004946,36.41,36.71,0.4168739130434782,0.1405225330184852,0.106,0.717
0303,Test,0,-0.5141131165293679,0.2224064421366724,-0.4067876478903847,0.5093084619315782,0.8629269129786463,-0.6857847708134814,75.82104743083003,21.455313884027696,50.0,120.0,36.36071541501976,0.3854839902512015,35.71,37.04,0.5147254940711462,0.320377427310783,0.0,1.0
0320,Test,0,-0.2611224792214187,-0.1133013950507578,-0.4067876478903847,0.5093084619315782,0.8629269129786463,-0.6857847708134814,90.76362012987012,18.728349180887616,50.0,120.0,37.502928571428576,0.4525322249388739,36.34,38.0,0.4500798701298701,0.3135960454750723,0.0,1.0
0328,Test,0,-0.1978748198944314,1.5652377908863933,-0.4067876478903847,-1.9494220439450056,0.8629269129786463,-0.6857847708134814,80.54015209125475,22.069086688678567,50.0,120.0,36.84370342205323,0.2536374621724201,36.31,37.36,0.5534304182509505,0.281246418018044,0.0,1.0
0332,Test,0,0.5610970920294158,3.2437769768235443,-0.4067876478903847,-1.9494220439450056,-1.1505692173048616,1.4477678494951276,72.77666666666667,4.266937169561863,64.4,79.9,36.69722222222222,0.0525106255224483,36.58,36.78,0.3916888888888889,0.2150899808804585,0.108,0.801
0337,Test,0,0.4978494327024285,-0.1133013950507578,-0.4067876478903847,0.5093084619315782,0.8629269129786463,1.4477678494951276,65.80374736842106,12.011611681264036,50.0,101.0,36.79438526315789,0.225000949890901,36.4,37.3,0.4633976842105263,0.2623627372372344,0.0,1.0
0365,Test,0,0.5610970920294158,-0.1133013950507578,-0.4067876478903847,0.5093084619315782,0.8629269129786463,-0.6857847708134814,83.07831395348838,8.85305221457218,56.2,104.4,36.65102906976744,0.3457630848532856,36.14,37.34,0.3184988372093023,0.2041277075735406,0.0,0.894
0377,Test,0,-1.5893233250881516,0.7259681979178177,-0.4067876478903847,0.5093084619315782,-1.1505692173048616,-0.6857847708134814,68.93544169611307,14.409522547931028,50.0,110.2,36.63709893992933,0.386135163943427,35.83,37.31,0.4525749116607774,0.2490603926919954,0.0,1.0
0395,Test,0,0.1183634767405049,-0.1133013950507578,-0.4067876478903847,0.5093084619315782,0.8629269129786463,-0.6857847708134814,85.85436923076924,11.3423021781379,50.0,105.7,36.74421846153847,0.1095266191355581,36.47,37.03,0.4473467692307692,0.2729937986363399,0.0,1.0
0448,Test,0,0.814087729337365,-0.2811553136444729,-0.4067876478903847,0.5093084619315782,0.8629269129786463,-0.6857847708134814,94.02261666666666,16.12864684429214,50.0,120.0,36.758608333333335,0.2541017667822599,36.28,37.42,0.5270195000000001,0.3038845867980673,0.0,1.0
0487,Test,0,0.4346017733754412,-0.9525709880193334,-0.4067876478903847,-1.9494220439450056,-1.1505692173048616,1.4477678494951276,61.97547368421052,9.59804151830928,50.0,88.6,36.403494736842106,0.1072630943796291,36.21,36.7,0.6685157894736843,0.2759290108594709,0.0,1.0
0502,Test,0,-1.020094391145266,-0.1133013950507578,2.4407258873422943,0.5093084619315782,0.8629269129786463,-0.6857847708134814,96.57778290993072,16.37895577738625,56.3,120.0,36.4546351039261,0.2046622633923423,36.06,37.13,0.6475027713625866,0.2745255065491574,0.0,1.0
0544,Test,0,0.371354114048454,-0.1133013950507578,-0.4067876478903847,0.5093084619315782,0.8629269129786463,-0.6857847708134814,79.74366471734893,15.968455446031657,50.0,115.5,37.01715984405458,0.538594771716243,36.2,37.9,0.5440460038986356,0.2993966823380385,0.0,1.0
0555,Test,0,-1.020094391145266,-0.1133013950507578,-0.4067876478903847,-1.9494220439450056,0.8629269129786463,1.4477678494951276,108.3738596491228,8.803426448753621,91.6,120.0,36.50738596491228,0.0674335588871147,36.37,36.68,0.3409684210526316,0.2148077631265587,0.0,0.755
0575,Test,0,-0.324370138548406,-0.1133013950507578,-0.4067876478903847,0.5093084619315782,0.8629269129786463,-0.6857847708134814,100.06910326086955,11.464423112086754,70.3,120.0,37.44110326086957,0.3370491041422713,36.81,38.0,0.5773788043478261,0.3032637245690709,0.0,1.0
0371,Test,1,-0.1346271605674442,-0.1133013950507578,2.4407258873422943,0.5093084619315782,-1.1505692173048616,-0.6857847708134814,77.29225806451612,6.921193337477334,66.3,93.6,36.56125806451613,0.0579981406586951,36.42,36.71,0.1501064516129032,0.1077827055177565,0.0,0.428
0372,Test,1,0.9405830479913394,-1.372205784503621,-0.4067876478903847,0.5093084619315782,-1.1505692173048616,1.4477678494951276,64.96714828897339,10.659408536272528,50.0,89.4,37.01437642585551,0.1602099318594312,36.58,37.55,0.362019391634981,0.238814045545007,0.0,0.95
0389,Test,1,-0.1978748198944314,-0.1133013950507578,-0.4067876478903847,0.5093084619315782,-1.1505692173048616,-0.6857847708134814,78.82730158730158,8.954744939747192,61.0,100.5,36.85225396825397,0.1083038721390748,36.68,37.11,0.2859587301587301,0.2422851757788752,0.0,0.939
0396,Test,1,0.5610970920294158,-0.1133013950507578,-0.4067876478903847,0.5093084619315782,0.8629269129786463,1.4477678494951276,106.53473333333334,10.501885392370609,74.0,120.0,36.67682666666666,0.1816990225633703,36.3,37.08,0.5783156666666667,0.3065582739812081,0.0,1.0
0399,Test,1,1.067078366645314,-0.1133013950507578,-0.4067876478903847,0.5093084619315782,-1.1505692173048616,-0.6857847708134814,104.95731382978724,10.110178073783242,60.7,120.0,37.02869946808511,0.2253286685822677,36.64,37.55,0.295481914893617,0.2304386801457584,0.0,1.0
0409,Test,1,-0.5773607758563551,0.3063334014335299,-0.4067876478903847,0.5093084619315782,0.8629269129786463,-0.6857847708134814,101.57250996015937,12.221912565004375,68.3,120.0,37.06942231075697,0.1338682575626075,36.73,37.4,0.4918442231075697,0.3174614861268496,0.0,1.0
0429,Test,1,0.4978494327024285,-0.449009232238188,-0.4067876478903847,0.5093084619315782,0.8629269129786463,1.4477678494951276,72.96272413793103,18.06912201032403,50.0,117.7,37.25054137931035,0.1445465486881728,36.87,37.65,0.4425641379310344,0.3005816662271136,0.0,1.0
0444,Test,1,0.7508400700103777,-0.1133013950507578,-0.4067876478903847,0.5093084619315782,-1.1505692173048616,-0.6857847708134814,72.0461011904762,16.79731978760054,50.0,115.8,36.667157738095234,0.2350257036856222,36.23,37.2,0.4128782738095238,0.29140803900405,0.0,1.0
0452,Test,1,1.4465643226072376,-0.5329361915350456,-0.4067876478903847,0.5093084619315782,0.8629269129786463,-0.6857847708134814,87.72246696035242,18.94462639343616,56.5,120.0,36.68030837004405,0.1000625281395095,36.39,36.95,0.6568775330396476,0.2283927612587799,0.0,1.0
0466,Test,1,0.7508400700103777,-0.9525709880193334,-0.4067876478903847,0.5093084619315782,-1.1505692173048616,1.4477678494951276,78.72648241206029,14.839098508735647,50.0,120.0,36.24572529313233,0.2982574930541598,35.67,36.94,0.5746301507537688,0.3055309497063949,0.0,1.0
0468,Test,1,0.0551158174135176,-0.1133013950507578,-0.4067876478903847,0.5093084619315782,-1.1505692173048616,1.4477678494951276,101.20787878787878,11.81013810138496,75.2,120.0,37.03300606060606,0.3007916098681782,36.39,37.59,0.6027848484848485,0.3090657274737622,0.0,1.0
0492,Test,1,0.6875924106833904,0.0545525235429572,-0.4067876478903847,0.5093084619315782,-1.1505692173048616,1.4477678494951276,67.20197268588771,13.440037286767716,50.0,111.3,36.16697268588771,0.3891032268614324,35.5,36.9,0.5713172989377846,0.2796716625104162,0.0,1.0
0493,Test,1,0.4978494327024285,-0.1133013950507578,-0.4067876478903847,0.5093084619315782,0.8629269129786463,-0.6857847708134814,79.20257142857143,10.635180328382235,55.8,98.8,36.82051428571429,0.0640146493554982,36.66,36.96,0.2335257142857142,0.1576461809401395,0.0,0.621
0513,Test,1,-2.0320569403770623,-0.1133013950507578,-0.4067876478903847,0.5093084619315782,-1.1505692173048616,-0.6857847708134814,104.31216666666668,13.9990170930724,61.8,120.0,36.15946041666667,0.4145720616072467,35.5,37.14,0.5167441666666667,0.2997165222583878,0.0,1.0
0522,Test,1,0.5610970920294158,-0.1133013950507578,-0.4067876478903847,0.5093084619315782,0.8629269129786463,-0.6857847708134814,78.05325,15.055539555928014,50.0,107.5,36.68880714285714,0.2256216182744045,36.17,37.23,0.3226725,0.2606092777910542,0.0,1.0
0286,Train,0,1.6363073005881994,-1.204351865909906,-0.4067876478903847,-1.9494220439450056,-1.1505692173048616,1.4477678494951276,89.20780028943561,19.96834711029019,50.0,120.0,35.932382054992765,0.2558536836756442,35.5,36.72,0.5727234442836469,0.2932747852320745,0.0,1.0
0296,Train,0,-0.7038560945103297,-0.1133013950507578,2.4407258873422943,0.5093084619315782,0.8629269129786463,-0.6857847708134814,75.6759564541213,16.895441602353348,50.0,115.8,36.6635101088647,0.3950637392126001,35.97,37.42,0.4013423017107309,0.2842006967326461,0.0,1.0
0306,Train,0,0.8773353886643522,-0.1133013950507578,-0.4067876478903847,0.5093084619315782,-1.1505692173048616,-0.6857847708134814,103.94951167728236,12.525484862890927,72.7,120.0,36.43864331210191,0.4204364322185694,35.5,37.26,0.5330972399150743,0.3257294127689009,0.0,1.0
0311,Train,0,-1.2730850284532151,-0.1133013950507578,-0.4067876478903847,0.5093084619315782,0.8629269129786463,1.4477678494951276,82.89885196374622,22.94539615007704,50.0,120.0,36.65989728096677,0.1882254496819729,36.21,36.99,0.3208057401812689,0.2699529491765092,0.0,1.0
0312,Train,0,-0.5141131165293679,-0.1133013950507578,-0.4067876478903847,0.5093084619315782,0.8629269129786463,-0.6857847708134814,73.37308641975308,15.260704421989344,50.0,109.4,36.82812345679013,0.1438791200228138,36.54,37.21,0.5212808641975308,0.2727764966199199,0.0,1.0
0313,Train,0,-0.1978748198944314,-1.5400597030973362,-0.4067876478903847,-1.9494220439450056,-1.1505692173048616,-0.6857847708134814,89.88157057654075,15.223668671157949,50.0,120.0,36.51869184890656,0.1727143970491886,36.13,37.06,0.5380502982107356,0.2737563691804134,0.0,1.0
0316,Train,0,-1.1465897097992406,1.313456912995821,-0.4067876478903847,0.5093084619315782,0.8629269129786463,-0.6857847708134814,87.27735551663748,11.693428021817928,60.2,113.1,36.531690017513135,0.2394315797951915,35.98,37.1,0.4990103327495622,0.2582796787037519,0.0,1.0
0319,Train,0,0.1816111360674921,-0.1133013950507578,-0.4067876478903847,-1.9494220439450056,0.8629269129786463,-0.6857847708134814,70.84222958057394,14.511770840606562,50.0,104.2,37.00593377483444,0.3022815648232235,36.32,37.45,0.5428403973509934,0.2755676257524392,0.0,1.0
0326,Train,0,-0.8303514131643042,-0.1133013950507578,-0.4067876478903847,0.5093084619315782,0.8629269129786463,-0.6857847708134814,64.10042471042472,11.108245618262636,50.0,91.6,36.43935521235521,0.1134061688647892,36.14,36.64,0.3171691119691119,0.2218134256555836,0.0,1.0
0334,Train,0,-0.324370138548406,-0.1133013950507578,-0.4067876478903847,0.5093084619315782,0.8629269129786463,-0.6857847708134814,91.41655737704916,5.781233834379096,77.3,102.1,37.002803278688525,0.1176864163787486,36.73,37.22,0.2987262295081967,0.1450849096294317,0.0,0.585
0335,Train,0,0.3081064547214667,-0.1133013950507578,-0.4067876478903847,0.5093084619315782,0.8629269129786463,-0.6857847708134814,96.61427792915532,14.181969403296533,50.0,120.0,36.26818801089918,0.4309167527790745,35.5,37.15,0.4053460490463215,0.3200769729403015,0.0,1.0
0340,Train,0,0.4346017733754412,0.7259681979178177,-0.4067876478903847,0.5093084619315782,0.8629269129786463,-0.6857847708134814,87.19838616714698,22.72904843643378,50.0,120.0,36.43328530259366,0.1712441943521229,36.03,36.81,0.421414985590778,0.2674085336067354,0.0,1.0
0347,Train,0,-0.5141131165293679,-0.1133013950507578,-0.4067876478903847,0.5093084619315782,0.8629269129786463,-0.6857847708134814,82.248075,16.487735825532216,50.0,120.0,36.4408175,0.2573628092744357,36.02,37.05,0.51172575,0.2952603964509389,0.0,1.0
0350,Train,0,-0.1978748198944314,-1.204351865909906,-0.4067876478903847,0.5093084619315782,-1.1505692173048616,-0.6857847708134814,88.99185944363104,15.028194264167857,50.0,120.0,37.3349897510981,0.4137529802543537,36.51,38.0,0.5071650073206442,0.3118278403171984,0.0,1.0
0351,Train,0,-0.0081318419134696,-0.2811553136444729,-0.4067876478903847,0.5093084619315782,0.8629269129786463,-0.6857847708134814,75.9753781512605,12.07419481666761,51.0,95.1,37.04361344537815,0.1096521842060451,36.77,37.29,0.5948109243697479,0.3308673420424921,0.0,1.0
0352,Train,0,-0.4508654572023806,-0.1133013950507578,2.4407258873422943,0.5093084619315782,0.8629269129786463,-0.6857847708134814,85.053547008547,20.510430007008072,50.0,120.0,37.63564957264957,0.3011428773016231,36.68,38.0,0.3851963675213675,0.2603214703156427,0.0,1.0
0354,Train,0,-1.209837369126228,-1.372205784503621,-0.4067876478903847,0.5093084619315782,0.8629269129786463,-0.6857847708134814,87.18524464831805,16.474874705918445,50.0,120.0,36.02226605504587,0.3464703761172854,35.5,36.74,0.6372582568807339,0.2723631880306861,0.0,1.0
0355,Train,0,0.6875924106833904,-0.1133013950507578,-0.4067876478903847,0.5093084619315782,0.8629269129786463,-0.6857847708134814,76.37265415549598,19.83662265804941,50.0,120.0,36.80085790884719,0.2329197507053929,36.29,37.35,0.499125201072386,0.2785302105327734,0.0,1.0
0362,Train,0,-0.2611224792214187,-0.1133013950507578,-0.4067876478903847,0.5093084619315782,0.8629269129786463,-0.6857847708134814,95.6592207792208,6.853592409158929,80.7,111.4,37.313467532467534,0.1923472210114709,36.98,37.64,0.5744584415584416,0.2628478849531722,0.0,1.0
0373,Train,0,-1.462828006434177,0.7259681979178177,-0.4067876478903847,0.5093084619315782,0.8629269129786463,1.4477678494951276,74.71457194899818,18.798302206065923,50.0,120.0,37.027717668488165,0.2937250169267703,36.48,37.95,0.4581823315118397,0.292028918327275,0.0,1.0
0384,Train,0,0.814087729337365,-0.1133013950507578,-0.4067876478903847,-1.9494220439450056,-1.1505692173048616,-0.6857847708134814,108.32568181818182,9.758965399976582,87.5,120.0,37.15131818181818,0.1622841470352135,36.83,37.48,0.3527261363636363,0.3214562728892098,0.0,1.0
0387,Train,0,0.371354114048454,-0.1133013950507578,2.4407258873422943,0.5093084619315782,0.8629269129786463,-0.6857847708134814,71.86367713004485,5.903263761355247,58.1,91.1,36.61838116591929,0.1429815437473824,36.33,37.07,0.3323381165919282,0.2205368089470184,0.0,0.858
0390,Train,0,-0.1978748198944314,-0.1133013950507578,-0.4067876478903847,0.5093084619315782,0.8629269129786463,-0.6857847708134814,76.88867132867132,20.3514664840434,50.0,120.0,36.894872727272734,0.419177940807743,36.2,37.79,0.5599625174825175,0.285571649275882,0.0,1.0
0397,Train,0,0.4346017733754412,-0.1133013950507578,2.4407258873422943,0.5093084619315782,0.8629269129786463,-0.6857847708134814,101.23461400359068,14.667532770819678,59.8,120.0,37.27225852782765,0.3153181441054835,36.62,38.0,0.6473543985637343,0.2747509740811245,0.0,1.0
0404,Train,0,-0.767103753837317,5.761585755729271,-0.4067876478903847,-1.9494220439450056,0.8629269129786463,1.4477678494951276,95.58893854748604,16.13864089715738,55.3,120.0,36.52172625698324,0.2633969579232495,35.93,36.95,0.5340284916201117,0.3480193382274664,0.0,1.0
0410,Train,0,0.5610970920294158,-0.1133013950507578,-0.4067876478903847,0.5093084619315782,0.8629269129786463,-0.6857847708134814,74.42432098765431,10.310061582209874,50.0,99.8,36.54487037037037,0.2913700812720906,35.82,36.97,0.2143203703703703,0.1358887037056349,0.0,0.613
0412,Train,0,-0.1346271605674442,-0.9525709880193334,-0.4067876478903847,0.5093084619315782,0.8629269129786463,-0.6857847708134814,87.88280334728033,21.52334586955516,50.0,120.0,37.181284518828456,0.1139351973130474,36.89,37.46,0.4571460251046025,0.2833707264727584,0.0,1.0
0413,Train,0,-0.4508654572023806,-0.1133013950507578,2.4407258873422943,0.5093084619315782,0.8629269129786463,1.4477678494951276,96.08446360153258,18.3529371692822,50.0,120.0,36.934565134099614,0.1718602573210251,36.45,37.35,0.64517030651341,0.274412972922709,0.0,1.0
0414,Train,0,-0.3876177978753933,-0.1133013950507578,-0.4067876478903847,0.5093084619315782,0.8629269129786463,-0.6857847708134814,91.01583941605838,16.216487159466435,50.0,120.0,37.13579562043795,0.2219680925291249,36.59,37.55,0.709620194647202,0.1902576471161228,0.174,1.0
0415,Train,0,0.8773353886643522,-0.1133013950507578,-0.4067876478903847,0.5093084619315782,0.8629269129786463,1.4477678494951276,93.8178,22.307647481961208,50.0,120.0,36.531932857142856,0.2247778183993209,36.09,37.03,0.5415938571428571,0.2897160515614235,0.0,1.0
0416,Train,0,-0.5773607758563551,1.061676035105248,-0.4067876478903847,0.5093084619315782,0.8629269129786463,1.4477678494951276,66.62869158878505,9.465615444440166,50.0,92.5,37.00871028037383,0.1553987001922367,36.72,37.3,0.372722429906542,0.247634739167859,0.0,1.0
0422,Train,0,-1.0833420504722533,-0.1133013950507578,-0.4067876478903847,0.5093084619315782,-1.1505692173048616,-0.6857847708134814,94.40970149253732,22.225694525689853,50.0,120.0,35.905338805970146,0.3048382143081618,35.5,36.55,0.5640953731343283,0.2671069885147429,0.0,1.0
0424,Train,0,-2.4747905556659733,0.9777490758083904,-0.4067876478903847,-1.9494220439450056,-1.1505692173048616,-0.6857847708134814,77.99949720670391,14.760454122273645,50.0,107.8,36.9087374301676,0.3052189480620125,36.39,37.45,0.2098346368715083,0.1609867335192825,0.0,0.673
0427,Train,0,0.4978494327024285,-0.1133013950507578,-0.4067876478903847,0.5093084619315782,0.8629269129786463,-0.6857847708134814,102.1561616161616,13.966375350287944,55.4,120.0,36.33007575757576,0.3216862525973784,35.77,36.98,0.5513149831649832,0.2916510581700133,0.0,1.0
0431,Train,0,0.0551158174135176,1.5652377908863933,-0.4067876478903847,-1.9494220439450056,-1.1505692173048616,1.4477678494951276,76.19522388059701,19.20300478249925,50.0,120.0,37.551063018242125,0.4062243545735242,36.5,38.0,0.5084230514096186,0.2964399565422545,0.0,1.0
0433,Train,0,0.2448587953944794,-0.1133013950507578,-0.4067876478903847,0.5093084619315782,-1.1505692173048616,-0.6857847708134814,76.85748587570622,11.95683027520635,50.0,103.7,37.25453389830509,0.2127806266185903,36.78,37.74,0.3433118644067797,0.2658985840390656,0.0,1.0
0434,Train,0,-0.767103753837317,-0.0293744357539002,-0.4067876478903847,-1.9494220439450056,0.8629269129786463,1.4477678494951276,67.72328671328671,12.60282479561089,50.0,94.6,36.46965034965035,0.1285316362142982,36.14,36.75,0.3144251748251748,0.2511120257390178,0.0,1.0
0435,Train,0,1.067078366645314,-0.1133013950507578,-0.4067876478903847,0.5093084619315782,-1.1505692173048616,1.4477678494951276,77.29444444444445,2.565515231823344,72.0,83.3,37.08088888888889,0.0317864538255413,37.0,37.16,0.1317833333333333,0.1162916904278626,0.0,0.366
0438,Train,0,-0.3876177978753933,0.3902603607303875,-0.4067876478903847,0.5093084619315782,0.8629269129786463,-0.6857847708134814,103.82883040935673,13.422429568307496,66.1,120.0,36.86687719298245,0.5183123800046279,36.04,37.81,0.5219881091617934,0.268602525098895,0.0,1.0
0439,Train,0,1.256821344626276,-0.1133013950507578,2.4407258873422943,0.5093084619315782,0.8629269129786463,-0.6857847708134814,72.78022312373226,16.95170147651221,50.0,120.0,37.3041906693712,0.1672372991172259,36.93,37.75,0.4968352941176471,0.2770694817539096,0.0,1.0
0451,Train,0,0.8773353886643522,-0.1133013950507578,-0.4067876478903847,-1.9494220439450056,0.8629269129786463,-0.6857847708134814,62.72934523809524,8.118590284271425,50.0,92.7,36.46649206349206,0.1244775385648786,36.19,36.79,0.3828313492063492,0.3078582309191627,0.0,1.0
0455,Train,0,-0.2611224792214187,-0.1133013950507578,-0.4067876478903847,-1.9494220439450056,0.8629269129786463,-0.6857847708134814,81.02264497878359,20.479980407054065,50.0,118.4,36.63539886845828,0.5828283127599457,35.5,38.0,0.4596175388967468,0.3250031815518725,0.0,1.0
0457,Train,0,0.5610970920294158,-0.5329361915350456,-0.4067876478903847,0.5093084619315782,0.8629269129786463,-0.6857847708134814,71.54715203426125,15.367804345201288,50.0,115.6,37.53938543897216,0.3400069721387892,36.6,38.0,0.3703222698072805,0.2945328401280367,0.0,1.0
0461,Train,0,-2.538038214992961,-1.5400597030973362,-0.4067876478903847,-1.9494220439450056,0.8629269129786463,1.4477678494951276,87.85773019271949,17.86004079426617,50.0,120.0,36.224935760171306,0.2866316561422499,35.71,37.24,0.4409629550321199,0.2993177974001614,0.0,1.0
0462,Train,0,1.067078366645314,-0.1133013950507578,-0.4067876478903847,0.5093084619315782,0.8629269129786463,1.4477678494951276,74.23210161662817,17.287894877066435,50.0,120.0,36.749896073903,0.1731905785308711,36.44,37.18,0.3613307159353348,0.2704940734191014,0.0,1.0
0467,Train,0,0.1183634767405049,-0.1133013950507578,-0.4067876478903847,0.5093084619315782,-1.1505692173048616,-0.6857847708134814,65.9290909090909,13.93910909087459,50.0,113.2,36.792640909090906,0.1519629875208038,36.54,37.24,0.4655445454545455,0.2965386904309206,0.0,1.0
0469,Train,0,-0.1346271605674442,-0.1133013950507578,-0.4067876478903847,0.5093084619315782,0.8629269129786463,1.4477678494951276,97.68436962750717,15.061482083303996,59.7,120.0,36.84186532951289,0.3923203380640757,36.04,37.69,0.4661203438395415,0.2830458020377239,0.0,1.0
0470,Train,0,-0.0081318419134696,-1.1204249066130485,-0.4067876478903847,0.5093084619315782,0.8629269129786463,-0.6857847708134814,74.3637552155772,21.432621114187967,50.0,120.0,37.00087204450626,0.3143950803644251,36.07,37.61,0.6607011126564672,0.3024763986155717,0.0,1.0
0475,Train,0,0.4346017733754412,-0.1133013950507578,2.4407258873422943,0.5093084619315782,0.8629269129786463,-0.6857847708134814,86.51478461538461,17.674343472152877,50.0,120.0,35.98141384615385,0.2777430600008921,35.5,36.57,0.5092573846153846,0.2971010052031857,0.0,1.0
0479,Train,0,-0.7038560945103297,-0.1133013950507578,-0.4067876478903847,0.5093084619315782,0.8629269129786463,1.4477678494951276,92.76664102564104,23.027350899705677,50.0,120.0,36.9086,0.2523577235208675,36.22,37.53,0.5056074358974358,0.32642447389766,0.0,1.0
0484,Train,0,1.3833166632802505,-0.1133013950507578,2.4407258873422943,0.5093084619315782,0.8629269129786463,-0.6857847708134814,64.57069182389937,13.285541321421752,50.0,108.3,35.969584905660376,0.2483507423934862,35.5,36.54,0.4124622641509434,0.2292095862652587,0.0,1.0
0486,Train,0,-0.7038560945103297,-0.1133013950507578,-0.4067876478903847,0.5093084619315782,0.8629269129786463,-0.6857847708134814,97.70429519071313,10.781319262566823,63.0,120.0,36.780260364842455,0.2219943422983508,36.14,37.21,0.4386864013266998,0.3018365908581067,0.0,1.0
0490,Train,0,-2.411542896338986,-0.1133013950507578,-0.4067876478903847,0.5093084619315782,0.8629269129786463,-0.6857847708134814,66.19095367847412,11.925201145739488,50.0,97.3,36.52148228882834,0.2067894572415802,36.06,37.07,0.5379689373297003,0.3375565238228646,0.0,1.0
0497,Train,0,-1.5893233250881516,-0.1133013950507578,-0.4067876478903847,0.5093084619315782,0.8629269129786463,-0.6857847708134814,72.32098743267505,17.71392447289649,50.0,118.6,36.11026211849192,0.4872763595219339,35.5,37.25,0.4591980251346499,0.3075056497862037,0.0,1.0
0498,Train,0,0.5610970920294158,0.474187320027245,-0.4067876478903847,0.5093084619315782,0.8629269129786463,-0.6857847708134814,93.2979069767442,17.02264662667195,60.0,120.0,37.33885581395349,0.4160156830400385,36.73,38.0,0.3279074418604651,0.2726672629544621,0.0,1.0
0501,Train,0,-0.324370138548406,-0.1133013950507578,2.4407258873422943,0.5093084619315782,0.8629269129786463,-0.6857847708134814,77.47224299065421,18.88687287314812,50.0,120.0,37.4817492211838,0.3423593387769983,36.68,38.0,0.4735590342679127,0.3181865910902776,0.0,1.0
0504,Train,0,0.1183634767405049,-0.1133013950507578,2.4407258873422943,0.5093084619315782,0.8629269129786463,-0.6857847708134814,102.87102615694164,13.608784052009948,60.7,120.0,36.86218309859154,0.2807900095421915,36.39,37.54,0.5971762575452716,0.3171565170523735,0.0,1.0
0526,Train,0,0.1816111360674921,-0.1133013950507578,-0.4067876478903847,0.5093084619315782,0.8629269129786463,-0.6857847708134814,75.57468812877264,20.46928487312807,50.0,120.0,36.55931589537223,0.2734575006058746,36.05,37.15,0.462227967806841,0.3189017853579101,0.0,1.0
0540,Train,0,0.6243447513564031,0.0545525235429572,-0.4067876478903847,0.5093084619315782,0.8629269129786463,-0.6857847708134814,103.85169712793734,12.274735915868057,66.3,120.0,36.63160052219321,0.1744835971437578,36.28,37.08,0.4115953002610966,0.2791212560142962,0.0,1.0
0543,Train,0,-1.0833420504722533,-0.6168631508319031,-0.4067876478903847,0.5093084619315782,-1.1505692173048616,1.4477678494951276,82.15671840354767,18.704588484937464,50.0,120.0,36.6450399113082,0.2489169009946748,36.06,37.16,0.5015494456762749,0.3127198125915877,0.0,1.0
0546,Train,0,-0.2611224792214187,-0.1133013950507578,2.4407258873422943,0.5093084619315782,0.8629269129786463,-0.6857847708134814,82.78761827079934,22.46693685821362,50.0,120.0,37.3715106035889,0.3297224916346759,36.76,38.0,0.5069962479608483,0.3232142710159421,0.0,1.0
0548,Train,0,-0.2611224792214187,-0.1133013950507578,-0.4067876478903847,0.5093084619315782,0.8629269129786463,-0.6857847708134814,70.57737166324435,16.231597516239788,50.0,111.5,36.74261396303901,0.2044222653465608,36.34,37.28,0.3506287474332649,0.2481556559295005,0.0,1.0
0552,Train,0,-1.842313962396101,0.3063334014335299,-0.4067876478903847,0.5093084619315782,-1.1505692173048616,1.4477678494951276,73.44026515151515,9.404617592600529,50.0,95.5,36.72438257575757,0.1931278544622612,36.22,37.12,0.4237431818181818,0.2765071044460191,0.0,1.0
0556,Train,0,-0.5773607758563551,-1.372205784503621,-0.4067876478903847,0.5093084619315782,0.8629269129786463,1.4477678494951276,68.71045217391304,13.558181910444551,50.0,104.2,36.86750608695653,0.6858397345341074,35.5,38.0,0.5903457391304348,0.3031724841896122,0.0,1.0
0567,Train,0,1.1303260259723014,-0.1133013950507578,-0.4067876478903847,0.5093084619315782,0.8629269129786463,1.4477678494951276,71.36797131147542,21.816321231768683,50.0,120.0,37.26910655737705,0.40966022658809,36.41,38.0,0.5111094262295082,0.2986589358865955,0.0,1.0
0571,Train,0,0.1816111360674921,-0.1133013950507578,-0.4067876478903847,0.5093084619315782,0.8629269129786463,-0.6857847708134814,72.9855463576159,21.36944180954898,50.0,120.0,36.624059602649005,0.2381009826048269,36.0,37.23,0.5575983443708609,0.3258334760967572,0.0,1.0
0573,Train,0,1.4465643226072376,-0.1133013950507578,-0.4067876478903847,0.5093084619315782,0.8629269129786463,-0.6857847708134814,87.08659663865546,17.650647827229285,50.0,120.0,36.33381932773109,0.3943518350284205,35.68,37.44,0.4270505602240896,0.302055140878412,0.0,1.0
0582,Train,0,0.8773353886643522,-0.1133013950507578,-0.4067876478903847,0.5093084619315782,0.8629269129786463,-0.6857847708134814,68.83471028037384,14.820244072903524,50.0,115.1,37.45530654205608,0.3390508474391362,36.74,38.0,0.4982435514018691,0.3254481948179872,0.0,1.0
0586,Train,0,-0.1978748198944314,-1.1204249066130485,-0.4067876478903847,-1.9494220439450056,-1.1505692173048616,-0.6857847708134814,97.1728313253012,21.00904459085492,50.0,120.0,36.73828012048192,0.3613827514790093,35.99,37.51,0.6004503012048192,0.3053951558310837,0.0,1.0
0587,Train,0,0.5610970920294158,-0.1133013950507578,-0.4067876478903847,0.5093084619315782,0.8629269129786463,1.4477678494951276,95.66848484848484,6.719051400463969,79.0,108.4,36.55348484848485,0.0901607470929915,36.36,36.77,0.2721257575757576,0.2090961420115858,0.0,0.799
0341,Train,1,1.256821344626276,-0.1133013950507578,2.4407258873422943,-1.9494220439450056,0.8629269129786463,-0.6857847708134814,86.69264462809917,17.735496424768595,52.6,120.0,35.87738842975207,0.1857757996540284,35.55,36.61,0.3502132231404958,0.2394506786845089,0.0,1.0
0342,Train,1,0.7508400700103777,-0.1133013950507578,-0.4067876478903847,-1.9494220439450056,-1.1505692173048616,-0.6857847708134814,93.82969899665552,20.39086054962369,50.0,120.0,36.46074581939799,0.2392126574641666,35.84,36.89,0.371571906354515,0.2636832985111653,0.0,1.0
0344,Train,1,-0.5773607758563551,-0.1133013950507578,-0.4067876478903847,0.5093084619315782,-1.1505692173048616,-0.6857847708134814,74.73890909090909,8.886442811311772,57.0,101.5,37.059636363636365,0.0832198929814567,36.87,37.24,0.5624381818181818,0.2408378037597525,0.012,1.0
0346,Train,1,-0.2611224792214187,-0.5329361915350456,-0.4067876478903847,0.5093084619315782,-1.1505692173048616,-0.6857847708134814,87.99483018867924,17.39380361774634,50.0,120.0,36.83951886792453,0.1968510707325325,36.32,37.34,0.4257758490566037,0.264967217386636,0.0,1.0
0348,Train,1,0.4346017733754412,-1.372205784503621,-0.4067876478903847,0.5093084619315782,0.8629269129786463,-0.6857847708134814,83.03012269938651,17.573912127573738,50.0,120.0,37.20296319018405,0.3993315766495958,36.51,38.0,0.5274573619631902,0.3173677615640402,0.0,1.0
0349,Train,1,1.1935736852992886,-0.1133013950507578,2.4407258873422943,-1.9494220439450056,-1.1505692173048616,1.4477678494951276,78.38044491525424,23.34129769806382,50.0,120.0,36.58733898305085,0.2850160610186496,35.8,37.09,0.3764377118644068,0.2573131911507368,0.0,1.0
0356,Train,1,1.4465643226072376,-0.1133013950507578,-0.4067876478903847,0.5093084619315782,-1.1505692173048616,1.4477678494951276,84.5226883910387,12.900123349128917,50.0,120.0,37.30994093686354,0.3138133377237669,36.64,38.0,0.5436105906313646,0.2736628505383521,0.0,1.0
0358,Train,1,0.6875924106833904,0.3063334014335299,2.4407258873422943,0.5093084619315782,-1.1505692173048616,1.4477678494951276,70.87536231884059,10.253314739382912,50.0,97.5,36.86414734299517,0.221663901587867,36.46,37.44,0.4068695652173913,0.2830781019116173,0.0,1.0
0359,Train,1,1.3200690039532632,-0.1133013950507578,-0.4067876478903847,0.5093084619315782,0.8629269129786463,-0.6857847708134814,93.63902127659576,17.576150696697436,50.0,120.0,36.61667021276596,0.1524958623909178,36.25,37.01,0.4750368085106382,0.3118944839310975,0.0,1.0
0360,Train,1,0.6243447513564031,0.3063334014335299,-0.4067876478903847,-1.9494220439450056,-1.1505692173048616,-0.6857847708134814,80.36671968190855,22.593178128076087,50.0,120.0,36.5081351888668,0.3251690623100672,35.72,37.2,0.6574783300198808,0.2291134977634912,0.0,1.0
0364,Train,1,-0.3876177978753933,4.08304656979212,-0.4067876478903847,0.5093084619315782,-1.1505692173048616,-0.6857847708134814,93.1584745762712,6.13119339720139,80.6,107.0,36.33335593220339,0.12289625460523,35.91,36.51,0.2266508474576271,0.1485921142773956,0.0,0.578
0366,Train,1,0.4346017733754412,0.7259681979178177,-0.4067876478903847,0.5093084619315782,-1.1505692173048616,1.4477678494951276,108.7485754985755,8.847321016233701,76.2,120.0,37.04279487179488,0.2706227486261235,36.51,37.49,0.5863410256410255,0.3200965027935892,0.0,1.0
0369,Train,1,1.4465643226072376,-0.1133013950507578,-0.4067876478903847,0.5093084619315782,-1.1505692173048616,-0.6857847708134814,66.39030303030303,6.799276333131929,50.0,78.7,36.64057575757575,0.1105477300764659,36.33,36.83,0.6444141414141414,0.3640325130786843,0.0,1.0
0370,Train,1,0.814087729337365,-0.1133013950507578,-0.4067876478903847,0.5093084619315782,-1.1505692173048616,1.4477678494951276,80.3818918918919,7.339989763698104,65.8,96.7,36.87131081081081,0.0644454696379252,36.71,37.0,0.4278391891891892,0.3137245282934181,0.0,1.0
0376,Train,1,1.1935736852992886,2.404507383854969,-0.4067876478903847,-1.9494220439450056,-1.1505692173048616,-0.6857847708134814,69.11887323943662,9.735667712541089,50.0,90.9,36.33125352112676,0.1767317473760835,35.96,36.59,0.6582366197183098,0.2370664932279688,0.136,1.0
0378,Train,1,0.0551158174135176,-0.1133013950507578,-0.4067876478903847,0.5093084619315782,0.8629269129786463,-0.6857847708134814,110.59777777777778,7.965800896384593,88.4,120.0,37.05761111111112,0.0553722155153796,36.96,37.2,0.3714444444444444,0.3130131536927208,0.0,1.0
0379,Train,1,1.1935736852992886,-0.1133013950507578,-0.4067876478903847,0.5093084619315782,0.8629269129786463,-0.6857847708134814,82.95758620689655,6.246568140235473,67.2,93.9,36.24251724137931,0.1141398161273267,36.04,36.44,0.1427758620689655,0.1303323198680797,0.0,0.498
0380,Train,1,-0.1978748198944314,-0.9525709880193334,-0.4067876478903847,0.5093084619315782,-1.1505692173048616,1.4477678494951276,69.14909470752089,14.093297391225178,50.0,113.3,36.42771587743733,0.2350110441845129,35.94,37.13,0.5259008356545961,0.3107000344505548,0.0,1.0
0382,Train,1,0.9405830479913394,1.229529953698963,-0.4067876478903847,0.5093084619315782,-1.1505692173048616,1.4477678494951276,102.6745011600928,13.59326181210335,64.1,120.0,37.493515081206496,0.1844038814328866,36.99,37.93,0.4751821345707656,0.3164767789929689,0.0,1.0
0383,Train,1,-0.9568467318182788,0.474187320027245,-0.4067876478903847,0.5093084619315782,-1.1505692173048616,1.4477678494951276,98.22196923076925,16.91562327197135,50.0,120.0,35.973800000000004,0.3526161164455278,35.5,36.68,0.394044923076923,0.2326150224594636,0.0,1.0
0385,Train,1,-0.5141131165293679,-0.1133013950507578,2.4407258873422943,0.5093084619315782,0.8629269129786463,1.4477678494951276,74.82279069767442,13.343484063775762,50.0,102.4,37.376558139534886,0.1980906888080958,36.9,37.78,0.2793703488372093,0.224810989175047,0.0,1.0
0392,Train,1,0.2448587953944794,-0.1133013950507578,-0.4067876478903847,0.5093084619315782,-1.1505692173048616,-0.6857847708134814,80.8943,18.23206352071563,50.0,116.1,36.54130666666666,0.4069087746319477,35.5,37.26,0.6437776666666667,0.2833840040165754,0.0,1.0
0394,Train,1,-2.0953045997040496,-1.372205784503621,2.4407258873422943,-1.9494220439450056,-1.1505692173048616,-0.6857847708134814,78.30554711246201,16.844809682620767,50.0,120.0,36.16116717325228,0.2170742023340463,35.69,36.75,0.4498522796352583,0.3092018866707459,0.0,1.0
0398,Train,1,0.1816111360674921,3.2437769768235443,-0.4067876478903847,0.5093084619315782,0.8629269129786463,-0.6857847708134814,85.89383177570093,8.232293939582618,66.5,103.8,36.94301869158878,0.0910717273325529,36.67,37.13,0.6451214953271027,0.2258781143663095,0.035,1.0
0400,Train,1,-0.1346271605674442,-0.9525709880193334,-0.4067876478903847,0.5093084619315782,-1.1505692173048616,-0.6857847708134814,104.9021768707483,11.763326268310326,67.1,120.0,36.50222959183673,0.5002184367302461,35.5,37.13,0.3732620748299319,0.2943881911121514,0.0,1.0
0402,Train,1,0.6243447513564031,-0.1133013950507578,-0.4067876478903847,0.5093084619315782,-1.1505692173048616,-0.6857847708134814,75.35007782101168,15.24294890221933,50.0,112.0,35.95989883268483,0.3824242871745874,35.5,36.67,0.4655953307392996,0.2675787483859009,0.0,1.0
0403,Train,1,-0.767103753837317,0.474187320027245,-0.4067876478903847,-1.9494220439450056,-1.1505692173048616,-0.6857847708134814,90.86956363636364,15.791941418908396,56.5,120.0,36.45817090909091,0.2924570711690951,35.72,36.92,0.3516352727272727,0.2882110822463759,0.0,1.0
0405,Train,1,-2.0953045997040496,-1.623986662394194,-0.4067876478903847,-1.9494220439450056,-1.1505692173048616,-0.6857847708134814,68.97090322580645,12.78562221405635,50.0,96.3,36.286206451612905,0.1482318729028076,35.98,36.65,0.5172070967741936,0.3077898792396946,0.0,1.0
0406,Train,1,1.0038307073183268,-0.1133013950507578,2.4407258873422943,0.5093084619315782,0.8629269129786463,-0.6857847708134814,73.18279329608939,8.486827659986194,54.7,91.4,36.814932960893856,0.2834761285514743,36.25,37.2,0.3080882681564245,0.1940226630306305,0.0,0.86
0407,Train,1,-1.905561621723088,-0.1133013950507578,-0.4067876478903847,0.5093084619315782,-1.1505692173048616,-0.6857847708134814,83.88416334661355,16.799571331700154,50.0,120.0,37.39328286852589,0.2028632946182834,36.86,37.79,0.4934334661354582,0.3144905014600684,0.0,1.0
0411,Train,1,0.9405830479913394,-0.8686440287224758,-0.4067876478903847,-1.9494220439450056,-1.1505692173048616,-0.6857847708134814,84.6696551724138,8.54864228137907,69.0,101.4,36.72212068965518,0.0512518848673886,36.61,36.86,0.1468655172413793,0.1151873559071129,0.0,0.496
0417,Train,1,0.4978494327024285,0.0545525235429572,-0.4067876478903847,-1.9494220439450056,-1.1505692173048616,-0.6857847708134814,99.28746736292427,19.582352094760733,50.0,120.0,36.406772845953,0.1354172067887825,36.11,36.69,0.5618052219321149,0.2529690845069025,0.0,1.0
0418,Train,1,1.4465643226072376,-0.1133013950507578,-0.4067876478903847,0.5093084619315782,-1.1505692173048616,-0.6857847708134814,84.6836974789916,11.683427399702296,56.5,109.5,36.96983193277311,0.1220768084903887,36.71,37.26,0.5259848739495798,0.3058869299275969,0.0,1.0
0419,Train,1,-0.9568467318182788,-0.5329361915350456,-0.4067876478903847,0.5093084619315782,-1.1505692173048616,1.4477678494951276,92.329265442404,21.81191193780044,50.0,120.0,37.25355592654424,0.2440902289465678,36.78,37.93,0.460653756260434,0.2699693822242343,0.0,1.0
0420,Train,1,0.9405830479913394,-0.1133013950507578,-0.4067876478903847,0.5093084619315782,-1.1505692173048616,-0.6857847708134814,81.82020217729394,15.674149279266782,50.0,120.0,36.88128304821151,0.2337478646259529,36.26,37.36,0.5175430793157076,0.2960006173369245,0.0,1.0
0423,Train,1,0.7508400700103777,0.3063334014335299,-0.4067876478903847,-1.9494220439450056,-1.1505692173048616,1.4477678494951276,88.85356626506024,13.343483502934204,60.7,120.0,36.90632530120482,0.2853989443673299,36.32,37.43,0.5431356626506024,0.3001189900689902,0.0,1.0
0426,Train,1,1.0038307073183268,2.824142180339257,-0.4067876478903847,0.5093084619315782,-1.1505692173048616,1.4477678494951276,71.49789473684211,11.46918983274239,51.7,93.3,36.7329298245614,0.0744376361448717,36.56,36.95,0.3197140350877193,0.3013685141968933,0.0,1.0
0428,Train,1,-1.715818643742126,-0.1133013950507578,-0.4067876478903847,0.5093084619315782,-1.1505692173048616,-0.6857847708134814,58.56296089385474,7.932772654139569,50.0,87.4,36.07332402234637,0.3574741588927353,35.5,36.8,0.3592184357541899,0.2559464262620222,0.0,1.0
0432,Train,1,1.952545597223136,-0.3650822729413305,-0.4067876478903847,0.5093084619315782,-1.1505692173048616,1.4477678494951276,85.39801857585138,10.909430734309549,59.6,114.3,36.92783900928792,0.1739153586140571,36.57,37.35,0.3668585139318885,0.2855735506229204,0.0,1.0
0436,Train,1,-1.3363326877802024,-0.7847170694256183,-0.4067876478903847,-1.9494220439450056,-1.1505692173048616,1.4477678494951276,87.23299785867238,18.88614637659653,50.0,120.0,36.08056102783726,0.2571059628674431,35.55,36.67,0.4795042826552462,0.2853192916410569,0.0,1.0
0440,Train,1,0.814087729337365,0.3063334014335299,-0.4067876478903847,0.5093084619315782,0.8629269129786463,1.4477678494951276,85.54789215686274,13.783439419252764,60.0,120.0,36.85234068627451,0.1669435567093269,36.55,37.3,0.3091632352941176,0.2631758092352572,0.0,1.0
0441,Train,1,0.3081064547214667,-0.1133013950507578,-0.4067876478903847,0.5093084619315782,0.8629269129786463,-0.6857847708134814,79.01505307855626,18.440782167805235,50.0,120.0,36.802106157112526,0.4425096642039048,35.69,37.37,0.4340386411889596,0.3104774260744006,0.0,1.0
0442,Train,1,-0.5773607758563551,-0.1133013950507578,-0.4067876478903847,0.5093084619315782,0.8629269129786463,-0.6857847708134814,69.65092369477911,14.068858047852997,50.0,106.2,37.22508032128514,0.4567114098467524,36.52,38.0,0.531271485943775,0.3119144176319727,0.0,1.0
0445,Train,1,0.4346017733754412,-0.9525709880193334,-0.4067876478903847,0.5093084619315782,-1.1505692173048616,-0.6857847708134814,94.95503389830508,14.540281746544585,57.1,120.0,37.00140677966102,0.1525927382774458,36.73,37.47,0.5896466101694915,0.2899418926248239,0.0,1.0
0446,Train,1,-0.3876177978753933,-0.1133013950507578,-0.4067876478903847,-1.9494220439450056,-1.1505692173048616,1.4477678494951276,66.76233983286907,12.38512135910672,50.0,97.8,37.04178272980501,0.5104747844710471,36.28,37.94,0.515691922005571,0.2922254905492661,0.0,1.0
0447,Train,1,1.1935736852992886,-0.1133013950507578,-0.4067876478903847,0.5093084619315782,0.8629269129786463,-0.6857847708134814,62.25546247818499,10.754823588091352,50.0,98.8,36.32780104712042,0.3693952290678604,35.5,36.88,0.5355319371727748,0.297669393815646,0.0,1.0
0450,Train,1,-2.4747905556659733,-0.1133013950507578,-0.4067876478903847,0.5093084619315782,-1.1505692173048616,1.4477678494951276,95.29334365325076,9.555761711103331,71.3,117.7,37.36198761609907,0.4537748623899192,36.61,38.0,0.3654216718266254,0.2707314774535203,0.0,1.0
0453,Train,1,1.8892979378961483,-1.372205784503621,-0.4067876478903847,-1.9494220439450056,-1.1505692173048616,1.4477678494951276,68.26107738998482,15.002424989140666,50.0,120.0,36.56869802731411,0.1756238707537257,36.07,37.0,0.4844517450682852,0.3097632674428526,0.0,1.0
0459,Train,1,0.814087729337365,-0.1133013950507578,-0.4067876478903847,0.5093084619315782,0.8629269129786463,1.4477678494951276,79.41119363395225,13.46364785803492,50.0,109.3,36.97380901856764,0.2312384909936183,36.47,37.5,0.4058228116710875,0.2590121679911398,0.0,1.0
0460,Train,1,-0.8935990724912914,-0.1133013950507578,-0.4067876478903847,0.5093084619315782,0.8629269129786463,1.4477678494951276,77.46201834862386,13.096941215442795,50.8,110.4,36.18754128440367,0.3069614863872243,35.78,36.78,0.5837871559633028,0.2377140456759906,0.0,1.0
0464,Train,1,-0.8303514131643042,-0.1133013950507578,-0.4067876478903847,0.5093084619315782,0.8629269129786463,1.4477678494951276,89.03889261744968,18.095540172488665,58.6,120.0,36.68436912751678,0.1494727378108936,36.39,37.04,0.3538161073825503,0.326917351058711,0.0,1.0
0465,Train,1,-0.9568467318182788,-0.3650822729413305,-0.4067876478903847,0.5093084619315782,-1.1505692173048616,-0.6857847708134814,69.74718816067653,14.405967898834438,50.0,112.0,36.70382452431289,0.3678160800119997,35.85,37.26,0.6085369978858352,0.268721157884392,0.0,1.0
0472,Train,1,-1.462828006434177,-0.1972283543476153,-0.4067876478903847,0.5093084619315782,-1.1505692173048616,1.4477678494951276,66.84291428571429,10.36895213665293,50.0,91.3,36.839705714285714,0.1382950493963992,36.49,37.23,0.4707357142857143,0.2714925596168818,0.0,1.0
0474,Train,1,0.3081064547214667,-0.1133013950507578,-0.4067876478903847,0.5093084619315782,0.8629269129786463,-0.6857847708134814,76.87565436241611,20.067193458617616,50.0,120.0,36.92821140939597,0.2560382499507314,36.32,37.48,0.4901058724832214,0.2915208047919139,0.0,1.0
0476,Train,1,-2.0953045997040496,1.5652377908863933,-0.4067876478903847,0.5093084619315782,-1.1505692173048616,-0.6857847708134814,103.35956661316212,13.356145575409847,58.3,120.0,35.854738362760834,0.2933733046737441,35.5,36.71,0.521483948635634,0.2943621482338882,0.0,1.0
0477,Train,1,-0.7038560945103297,-0.1133013950507578,-0.4067876478903847,0.5093084619315782,-1.1505692173048616,1.4477678494951276,57.37346590909091,8.390315018432124,50.0,95.6,37.17161363636364,0.4281067298416434,36.52,37.99,0.4717286931818181,0.3123432462331456,0.0,1.0
0481,Train,1,1.067078366645314,-0.1133013950507578,-0.4067876478903847,0.5093084619315782,0.8629269129786463,-0.6857847708134814,66.08196883852692,11.382652046887152,50.0,106.3,37.1126940509915,0.1937654697131593,36.54,37.55,0.5005470254957507,0.3065806349142501,0.0,1.0
0482,Train,1,-1.5260756657611645,-0.1133013950507578,-0.4067876478903847,0.5093084619315782,-1.1505692173048616,1.4477678494951276,78.02050847457627,12.534219106417584,50.0,111.2,37.4919406779661,0.313169316584106,36.81,38.0,0.4661199152542372,0.3312482380903589,0.0,1.0
0483,Train,1,1.256821344626276,-0.1133013950507578,2.4407258873422943,0.5093084619315782,0.8629269129786463,1.4477678494951276,97.26083333333332,3.7354602347322783,86.1,103.1,36.596,0.0391377657242035,36.52,36.67,0.0826249999999999,0.0639975134102027,0.0,0.276
0485,Train,1,-0.2611224792214187,-0.9525709880193334,-0.4067876478903847,0.5093084619315782,0.8629269129786463,-0.6857847708134814,64.78543147208123,10.033922288335935,50.0,94.7,37.28415905245347,0.3721569887151911,36.63,38.0,0.3517869712351946,0.2772717263284368,0.0,1.0
0496,Train,1,1.4465643226072376,-0.1133013950507578,-0.4067876478903847,0.5093084619315782,-1.1505692173048616,-0.6857847708134814,92.49955128205129,23.143730120009884,50.0,120.0,36.83342735042735,0.2755497818198915,36.29,37.41,0.5263647435897436,0.2746989517280817,0.0,1.0
0500,Train,1,0.1183634767405049,-0.9525709880193334,-0.4067876478903847,0.5093084619315782,-1.1505692173048616,1.4477678494951276,70.98544537815127,17.51834453617807,50.0,120.0,36.946502521008405,0.4603135588300828,36.18,38.0,0.3237877310924369,0.2523287054151023,0.0,1.0
0505,Train,1,0.7508400700103777,0.3063334014335299,2.4407258873422943,-1.9494220439450056,-1.1505692173048616,-0.6857847708134814,94.51447115384616,17.742942671036424,50.0,120.0,36.75796153846154,0.2260401215145891,36.21,37.19,0.3579961538461538,0.2827534539739199,0.0,1.0
0510,Train,1,0.0551158174135176,-0.5329361915350456,2.4407258873422943,0.5093084619315782,0.8629269129786463,-0.6857847708134814,107.77943925233645,8.368028187144237,84.4,120.0,36.2116,0.3221879375696058,35.59,36.96,0.4332259813084112,0.324544557071726,0.0,1.0
0512,Train,1,0.3081064547214667,3.2437769768235443,-0.4067876478903847,0.5093084619315782,-1.1505692173048616,-0.6857847708134814,84.3836033519553,20.681182937735493,50.0,120.0,37.0406843575419,0.1759113506153886,36.55,37.5,0.5344469273743017,0.2868215941657598,0.0,1.0
0514,Train,1,-0.767103753837317,2.404507383854969,-0.4067876478903847,0.5093084619315782,0.8629269129786463,-0.6857847708134814,91.13,2.442243959058055,88.1,95.2,36.476,0.024129281427802,36.44,36.51,0.1469,0.0755181361587326,0.014,0.256
0517,Train,1,1.6363073005881994,-0.9525709880193334,-0.4067876478903847,0.5093084619315782,0.8629269129786463,-0.6857847708134814,66.78293617021276,12.192974957869362,50.0,103.3,37.43602553191489,0.2801777765887033,36.8,38.0,0.4974921276595745,0.3301599916252055,0.0,1.0
0518,Train,1,0.4346017733754412,-1.0364979473161908,-0.4067876478903847,-1.9494220439450056,-1.1505692173048616,-0.6857847708134814,84.91267441860464,16.963725177593346,50.0,118.6,36.823,0.1935010405787614,36.53,37.28,0.3737366279069767,0.2408958794153187,0.0,1.0
0519,Train,1,-0.5773607758563551,1.1456029944021056,-0.4067876478903847,0.5093084619315782,0.8629269129786463,-0.6857847708134814,95.55673306772908,10.63787500864454,71.7,120.0,36.91706374501992,0.1749748712822192,36.45,37.22,0.3360418326693227,0.2866264065540109,0.0,1.0
0521,Train,1,-0.0081318419134696,-0.3650822729413305,-0.4067876478903847,-1.9494220439450056,0.8629269129786463,-0.6857847708134814,85.03892933618843,15.599848856753006,51.6,120.0,36.401646680942186,0.2200251338976913,35.81,36.97,0.4677293361884368,0.3128081250293444,0.0,1.0
0284,Validation,0,-0.3876177978753933,-0.1133013950507578,-0.4067876478903847,0.5093084619315782,0.8629269129786463,-0.6857847708134814,107.87069841269842,9.863126071486992,77.1,120.0,36.05096190476191,0.3082800230437723,35.5,36.68,0.4135212698412698,0.2941012615004698,0.0,1.0
0357,Validation,0,-0.4508654572023806,-0.1133013950507578,-0.4067876478903847,0.5093084619315782,0.8629269129786463,1.4477678494951276,99.47862170087976,10.725391058300652,73.9,120.0,36.16215249266863,0.160368269989131,35.85,36.65,0.3705565982404692,0.2735003224748046,0.0,1.0
0363,Validation,0,1.5098119819342248,-0.9525709880193334,-0.4067876478903847,0.5093084619315782,-1.1505692173048616,-0.6857847708134814,75.67091649694501,19.90656258199483,50.0,120.0,37.55544195519348,0.3602622318946738,36.58,38.0,0.4313075356415478,0.2842176732821232,0.0,1.0
0367,Validation,0,1.8260502785691608,-0.9525709880193334,-0.4067876478903847,-1.9494220439450056,0.8629269129786463,-0.6857847708134814,96.83928213689484,16.765966025939647,52.8,120.0,37.0095409015025,0.2229395133857533,36.57,37.6,0.4248290484140234,0.2990930390507473,0.0,1.0
0443,Validation,0,-1.7790663030691134,-0.1133013950507578,-0.4067876478903847,0.5093084619315782,-1.1505692173048616,-0.6857847708134814,105.67392628205128,10.329915441973434,73.7,120.0,37.20954807692308,0.5696771265046189,36.12,38.0,0.4339267628205128,0.2742555926026438,0.0,1.0
0456,Validation,0,1.1935736852992886,-1.4561327438004787,-0.4067876478903847,-1.9494220439450056,0.8629269129786463,-0.6857847708134814,86.4590909090909,11.78498756864552,63.8,111.7,37.10384615384616,0.1171729211876883,36.76,37.38,0.4060167832167832,0.3006589725464886,0.0,1.0
0471,Validation,0,-0.0713795012404569,0.3063334014335299,-0.4067876478903847,0.5093084619315782,0.8629269129786463,-0.6857847708134814,85.14892335766423,12.453728731101734,50.0,111.7,36.78747810218978,0.5097641158421673,35.95,37.84,0.5268209854014598,0.279980260100811,0.0,1.0
0495,Validation,0,-0.4508654572023806,-0.1133013950507578,-0.4067876478903847,0.5093084619315782,0.8629269129786463,-0.6857847708134814,75.72184782608696,10.120140707618509,50.8,93.3,36.61454347826086,0.1004971768120616,36.39,36.92,0.505325,0.2590037702806401,0.0,1.0
0506,Validation,0,0.4346017733754412,-0.1133013950507578,2.4407258873422943,0.5093084619315782,0.8629269129786463,-0.6857847708134814,73.80651960784313,15.424656275930769,50.0,105.7,37.17710784313726,0.2869972190873393,36.48,37.7,0.3880950980392157,0.2219790776462787,0.0,1.0
0549,Validation,0,-0.7038560945103297,-0.1133013950507578,2.4407258873422943,0.5093084619315782,0.8629269129786463,1.4477678494951276,73.2251256281407,14.585656105242686,50.0,106.2,36.996045226130654,0.3200754465671308,36.41,37.76,0.505456783919598,0.2886333230351826,0.0,1.0
0559,Validation,0,-0.3876177978753933,0.8938221165115329,-0.4067876478903847,-1.9494220439450056,0.8629269129786463,1.4477678494951276,94.32798850574711,18.605127487053927,56.8,120.0,36.644258620689655,0.142129017555231,36.31,36.87,0.6781833333333334,0.2928264519248638,0.0,1.0
0563,Validation,0,-0.324370138548406,-0.5329361915350456,-0.4067876478903847,0.5093084619315782,-1.1505692173048616,-0.6857847708134814,74.376786389414,15.583410742527391,50.0,114.3,35.77967485822307,0.2091231008509829,35.5,36.53,0.5218234404536862,0.3133173719882099,0.0,1.0
0574,Validation,0,0.9405830479913394,-0.1133013950507578,-0.4067876478903847,0.5093084619315782,0.8629269129786463,-0.6857847708134814,68.60111872146119,12.487402599635152,50.0,101.3,36.81373515981736,0.1414893965037642,36.37,37.06,0.4323997716894977,0.2357142047986543,0.0,1.0
0580,Validation,0,-0.0081318419134696,-1.1204249066130485,-0.4067876478903847,0.5093084619315782,-1.1505692173048616,-0.6857847708134814,72.96396551724138,14.378639208596192,50.0,105.8,36.82500574712644,0.1947606589989604,36.44,37.4,0.4516112068965517,0.3210643157675716,0.0,1.0
0584,Validation,0,-0.4508654572023806,-0.1133013950507578,-0.4067876478903847,0.5093084619315782,0.8629269129786463,-0.6857847708134814,78.5402380952381,20.951134453042897,50.0,120.0,37.07495873015873,0.3973796712898694,36.24,37.63,0.5418244444444444,0.3224025417488334,0.0,1.0
0353,Validation,1,0.1816111360674921,-0.1133013950507578,-0.4067876478903847,-1.9494220439450056,0.8629269129786463,1.4477678494951276,104.25526126126124,15.551139927072446,60.9,120.0,37.53612072072072,0.349010902983474,36.68,38.0,0.490063063063063,0.3345704394805625,0.0,1.0
0361,Validation,1,0.814087729337365,-0.1133013950507578,-0.4067876478903847,0.5093084619315782,-1.1505692173048616,-0.6857847708134814,76.62223837209302,12.058102888012536,50.0,105.8,37.1470523255814,0.3084578029306567,36.41,37.74,0.4982857558139535,0.2927419219281795,0.0,1.0
0368,Validation,1,0.1816111360674921,-0.3650822729413305,-0.4067876478903847,-1.9494220439450056,-1.1505692173048616,1.4477678494951276,76.68027173913045,9.322214514254236,56.5,97.7,36.84536956521739,0.1968724309006883,36.36,37.22,0.5467809782608696,0.2464411363352632,0.0,1.0
0375,Validation,1,-0.324370138548406,-0.3650822729413305,-0.4067876478903847,0.5093084619315782,-1.1505692173048616,-0.6857847708134814,85.29754385964912,20.88969950802801,50.0,120.0,37.30021832358674,0.2167904071116349,36.83,37.99,0.5034374269005848,0.2472549589056965,0.0,1.0
0391,Validation,1,0.5610970920294158,2.404507383854969,-0.4067876478903847,0.5093084619315782,0.8629269129786463,1.4477678494951276,81.18177570093458,11.765217823968792,59.7,108.1,36.74910280373832,0.1856375727357545,36.44,37.12,0.3407158878504672,0.2631975353059357,0.0,1.0
0421,Validation,1,1.256821344626276,-0.1133013950507578,-0.4067876478903847,-1.9494220439450056,-1.1505692173048616,-0.6857847708134814,72.52733333333333,8.430367124572498,50.0,87.7,36.83183333333333,0.0973613698720716,36.64,36.97,0.5634933333333333,0.2802447030737455,0.144,1.0
0430,Validation,1,0.4346017733754412,-0.7007901101287607,-0.4067876478903847,0.5093084619315782,-1.1505692173048616,-0.6857847708134814,107.8065306122449,8.979587217332668,80.0,120.0,37.53437414965986,0.2432606591213399,36.91,37.94,0.3614115646258503,0.2338223275772792,0.0,1.0
0437,Validation,1,1.3833166632802505,-0.1133013950507578,-0.4067876478903847,0.5093084619315782,-1.1505692173048616,-0.6857847708134814,102.4615099009901,10.901149451712008,72.7,120.0,36.938099009901,0.1514771702313047,36.63,37.32,0.4267784653465346,0.2646900978776031,0.0,1.0
0458,Validation,1,-0.0081318419134696,-0.1133013950507578,-0.4067876478903847,0.5093084619315782,0.8629269129786463,1.4477678494951276,84.7896956521739,14.111773328003476,52.1,120.0,36.34411739130435,0.4213262013071884,35.5,37.09,0.4273115217391304,0.3150973124033801,0.0,1.0
0463,Validation,1,-2.2850475776850114,-0.1133013950507578,-0.4067876478903847,0.5093084619315782,-1.1505692173048616,1.4477678494951276,59.68259541984733,7.571183113113414,50.0,82.2,36.75670229007633,0.2588930922721146,36.38,37.26,0.3963015267175572,0.3258010002242079,0.0,1.0
0473,Validation,1,0.4978494327024285,-1.4561327438004787,-0.4067876478903847,-1.9494220439450056,-1.1505692173048616,-0.6857847708134814,69.05586592178771,14.19906572729798,50.0,107.3,36.67034636871508,0.2625573857276179,36.15,37.19,0.6968541899441341,0.21664874078318,0.0,1.0
0507,Validation,1,0.6875924106833904,-0.1133013950507578,-0.4067876478903847,0.5093084619315782,0.8629269129786463,-0.6857847708134814,82.6268888888889,17.091503616570325,50.0,115.9,36.49993968253968,0.2184761222328683,35.94,36.86,0.4320657142857143,0.3043663562514186,0.0,1.0
0508,Validation,1,0.2448587953944794,-0.1972283543476153,-0.4067876478903847,-1.9494220439450056,0.8629269129786463,-0.6857847708134814,73.66228501228501,13.56562162720749,50.0,111.8,35.99592874692875,0.2654431644725011,35.5,36.8,0.2881240786240786,0.2424565208392884,0.0,1.0
0515,Validation,1,-2.0320569403770623,-0.1133013950507578,-0.4067876478903847,0.5093084619315782,-1.1505692173048616,1.4477678494951276,95.9050749464668,18.91937900833958,50.0,120.0,37.54778372591007,0.2958824163002615,36.68,38.0,0.4895631691648823,0.2935146234804167,0.0,1.0
0520,Validation,1,-2.158552259031037,0.6420412386209602,-0.4067876478903847,0.5093084619315782,-1.1505692173048616,-0.6857847708134814,65.06351724137932,11.097187205772713,50.0,86.7,36.97702068965517,0.1567653743478587,36.65,37.34,0.5683744827586207,0.2385806368073363,0.0,1.0
